taxon_id,scientific_name,common_name,rg_observations
153540,Acacesia hamata,Difoliate Orbweaver,2
51709,Acanthepeira stellata,Starbellied Orbweaver,1
123974,Acanthocephala femorata,Florida Leaf-footed Bug,4
61445,Acanthocephala terminalis,NA,1
48098,Acer rubrum,red maple,26
212318,Achurum carinatum,Long-headed Toothpick Grasshopper,30
24233,Acris gryllus,Southern Cricket Frog,10
129428,Acronicta oblinita,Smeared Dagger,2
63705,Aeschynomene americana,shyleaf,1
1095348,Aethes triassumenta,NA,2
199056,Agapostemon splendens,Brown-winged Striped Sweat Bee,10
9744,Agelaius phoeniceus,Red-winged Blackbird,1
131660,Aletris lutea,Yellow Colicroot,13
26159,Alligator mississippiensis,American Alligator,34
75386,Alternanthera philoxeroides,Alligatorweed,3
495274,Althos obscurator,NA,1
356008,Alypia wittfeldii,Wittfeld's Forester,5
213346,Amblytropidia mysteca,Brown Winter Grasshopper,2
53587,Ambrosia artemisiifolia,common ragweed,1
131593,Ammannia latifolia,pink redstem,1
10139,Ammodramus savannarum,Grasshopper Sparrow,1
960994,Amphibolips murata,NA,1
158302,Amphicarpum muehlenbergianum,Perennial Goobergrass,10
26796,Amphiuma means,Two-toed Amphiuma,8
213510,Anageshna primordialis,Yellow-spotted Webworm Moth,1
49761,Anartia jatrophae,White Peacock,6
311233,Anasaitis canosus,Twin-flagged Jumping Spider,2
1617136,Anatherum brachystachyum,Shortspike bluestem,1
1619459,Anatherum campbellii,Deceptive Bluestem,1
1617139,Anatherum capillipes,Chalky Bluestem,27
1619470,Anatherum cretaceum,Purple Bluestem,7
1617306,Anatherum subtile,Nashâ€™s Bluestem,1
1616972,Anatherum tenuispatheum,Bushy bluestem,2
1617172,Anatherum virginicum,broomsedge bluestem,2
58509,Anatrytone logan,Delaware Skipper,1
67731,Anax junius,Common Green Darner,1
64985,Anaxyrus quercicus,Oak Toad,15
58481,Ancyloxypha numitor,Least Skipper,4
5063,Anhinga anhinga,Anhinga,3
36514,Anolis carolinensis,Green Anole,25
116461,Anolis sagrei,Brown Anole,7
496509,Anomala innuba,NA,1
213712,Anomala undulata,NA,1
47919,Antheraea polyphemus,Polyphemus Moth,3
742969,Anthidiellum perplexum,Perplexing Rotund-Resin bee,1
508048,Antigone canadensis,Sandhill Crane,15
199833,Antrostomus carolinensis,Chuck-will's-widow,2
199837,Antrostomus vociferus,Eastern Whip-poor-will,1
521003,Apiomerus floridensis,Florida Bee Assassin,1
47219,Apis mellifera,Western Honey Bee,49
135286,Aptenopedes sphenarioides,linear-winged grasshopper,1
67712,Arctosa littoralis,Shoreline Wolf Spider,1
144455,Ardea alba,Great Egret,10
4956,Ardea herodias,Great Blue Heron,5
411086,Ardea ibis,Western Cattle-Egret,7
128533,Argemone mexicana,Mexican prickly poppy,2
67707,Argiope aurantia,Yellow Garden Spider,2
67708,Argiope trifasciata,Banded Garden Spider,2
128534,Argyria lacteella,Southern Milky Argyria Moth,1
417113,Argyria nummulalis,Satin Argyria Moth,5
214151,Argyrostrotis quadrifilaris,Four-lined Chocolate Moth,5
94623,Arigomphus pallidus,Gray-green Clubtail,2
158654,Aristida beyrichiana,Southern Wiregrass,18
158666,Aristida patula,Tall Threeawn,1
158671,Aristida spiciformis,Bottlebrush Threeawn,30
127071,Arnoglossum floridanum,Florida Indian Plantain,2
194216,Arphia granulata,Southern Yellowwinged Grasshopper,2
214308,Arthonia subdiffusa,Smudgy Palm Comma,1
51536,Ascia monuste,Great Southern White,9
75602,Asclepias curassavica,tropical milkweed,3
158754,Asclepias pedicellata,savannah milkweed,1
355607,Asemeia grandiflora,Showy milkwort,8
128630,Asimina reticulata,netted pawpaw,129
1422384,Asiopus minimus,NA,1
717858,Aspidoscelis sexlineatus,Six-lined Racerunner,5
565086,Astraeus morganii,NA,2
974408,Astrothelium aeneum,NA,2
1455248,Atalopedes huron,Huron Sachem,19
82523,Augochlora pura,Pure Green Sweat bee,1
148877,Aureolaria pectinata,Combleaf Yellow False Foxglove,9
82279,Automeris io,Io Moth,3
159111,Axonopus furcatus,Big Carpetgrass,3
68866,Azolla caroliniana,eastern mosquito fern,2
58754,Azolla filiculoides,water fern,2
84813,Baccharis halimifolia,groundsel tree,7
159130,Bacopa caroliniana,Carolina Water-hyssop,30
75732,Bacopa monnieri,Herb-of-Grace,5
13632,Baeolophus bicolor,Tufted Titmouse,1
127348,Balduina angustifolia,coastal plain honeycombhead,10
159180,Bartonia verna,White Screwstem,1
126342,Bejaria racemosa,Tarflower,24
509304,Belonocnema treatae,NA,1
1095846,Bidens alba,White beggarticks,21
159258,Bidens mitis,Smallfruit Beggarticks,22
1600605,Bigelowia australis,Florida Rayless Goldenrod,41
215243,Blastobasis glandulella,Acorn Moth,1
215271,Bleptina caradrinalis,Bent-winged Owlet,1
1136805,Bleptina flavivena,NA,1
75832,Boehmeria cylindrica,false nettle,1
215282,Bolbocerosoma hamatum,NA,2
52779,Bombus bimaculatus,Two-spotted Bumble Bee,1
120215,Bombus griseocollis,Brown-belted Bumble Bee,24
118970,Bombus impatiens,Common Eastern Bumble Bee,1
215399,Brachypremna dispellens,NA,2
126699,Buchnera americana,American Bluehearts,1
287356,Buchnera floridana,Florida bluehearts,57
765019,Buckleria parvulus,Sundew Plume Moth,1
159594,Bulbostylis ciliatifolia,Capillary Hairsedge,1
831286,Bulimulus bonariensis,Ghost Bulimulus,1
159606,Burmannia biflora,northern bluethread,3
1038409,Burnsius oileus,Tropical Checkered-Skipper,1
5212,Buteo jamaicensis,Red-tailed Hawk,2
5206,Buteo lineatus,Red-shouldered Hawk,12
215703,Calephelis virginiensis,Little Metalmark,13
49193,Callicarpa americana,American beautyberry,47
1041193,Callirhytis quercusventricosa,NA,1
126335,Callisia ornata,Scrub roseling,1
143649,Callopistria floridensis,Florida Fern Moth,1
207869,Calopadia fusca,Palmetto-leaf Lichen,1
159699,Calopogon barbatus,Bearded Grasspink,12
132719,Calopteron reticulatum,Reticulated Net-winged Beetle,1
122281,Calycopis cecrops,Red-banded Hairstreak,8
129272,Camponotus castaneus,Chestnut Carpenter Ant,3
81709,Camponotus floridanus,Florida Carpenter Ant,7
300418,Camponotus planatus,Compact Carpenter Ant,1
4715,Caracara plancus,Crested Caracara,5
9083,Cardinalis cardinalis,Northern Cardinal,1
76073,Carex longii,green-and-white sedge,1
160139,Carex verrucosa,warty sedge,1
160156,Carphephorus carnosus,Pineland Chaffhead,13
154550,Carphephorus corymbosus,coastalplain chaffhead,14
160158,Carphephorus paniculatus,Hairy Chaffhead,2
160172,Cassytha filiformis,laurel dodder,4
4756,Cathartes aura,Turkey Vulture,31
1638400,Cecropterus confusis,Confused Cloudywing,1
1457832,Cecropterus dorantes,Dorantes Longtail,3
1638386,Cecropterus pylades,Northern Cloudywing,4
50147,Celithemis eponina,Halloween Pennant,1
96907,Celithemis fasciata,Banded Pennant,1
96909,Celithemis ornata,Ornate Pennant,26
160295,Centella erecta,American Coinwort,39
52763,Cephalanthus occidentalis,buttonbush,2
572770,Ceratina floridana,Florida Small Carpenter,6
137945,Ceratopteris pteridoides,Floating Antler-fern,2
127907,Chamaecrista fasciculata,partridge pea,6
160457,Chaptalia tomentosa,Pineland Daisy,69
510163,Charops annulipes,NA,1
129042,Chauliodes rastricornis,Spring Fishfly,2
84040,Chauliognathus marginatus,Margined Leatherwing Beetle,23
81543,Chicobolus spinigerus,Florida Ivory Millipede,7
491231,Chilo erianthalis,NA,1
1557768,Choranthus capucinus,Monk Skipper,4
355513,Choristoneura obsoletana,Obsolete-banded Leafroller Moth,2
130353,Chortophaga australior,Southern Green-striped Grasshopper,3
369851,Christella dentata,Soft Fern,3
199400,Chromolaena odorata,Siam weed,1
69192,Chrysomela scripta,Cottonwood Leaf Beetle,1
711146,Chrysops divisus,NA,1
146615,Chrysopsis subulata,Scrubland Goldenaster,2
216957,Cicinnus melsheimeri,Melsheimer's Sack Bearer,3
558446,Circus hudsonius,Northern Harrier,1
127269,Cirsium horridulum,bristle thistle,70
129194,Cirsium nuttallii,Nuttall's Thistle,2
217044,Cissusa spadix,Black-dotted Brown,4
417074,Cisthene striata,Striated Lichen Moth,6
160659,Cladium mariscus,Swamp Sawgrass,2
322661,Cladonia evansii,Evans' Deer Moss,13
217100,Cladonia floerkeana,Gritty British soldiers lichen,1
217116,Cladonia leporina,Jester Lichen,23
217144,Cladonia ramulosa,Branched Pixie-cup Lichen,1
203684,Cladonia rappii,Slender Ladder Lichen,1
217157,Cladonia subradiata,Powdery Peg Lichen,1
460246,Cladonia subtenuis,Dixie Reindeer Lichen,1
54590,Clathrus columnatus,column stinkhorn,3
160765,Cnidoscolus stimulosus,spurge nettle,30
160776,Coelorachis rugosa,Wrinkled Jointtail Grass,1
257776,Coelotanypus scapularis,NA,1
126267,Coleomegilla maculata,Spotted Pink Lady Beetle,2
540873,Coleophora xyridella,NA,3
1280,Colinus virginianus,Northern Bobwhite,7
27137,Coluber constrictor,North American Racer,7
3545,Columbina passerina,Common Ground Dove,8
160818,Commelina diffusa,climbing dayflower,4
716919,Condylostylus flavipes,NA,1
197039,Condylostylus longicornis,NA,1
1530772,Coniocarpon rubrocinctum,Red-belted Palm Comma,2
4765,Coragyps atratus,Black Vulture,9
160891,Coreopsis floridana,Florida Tickseed,2
131152,Coreopsis leavenworthii,Leavenworth's Tickseed,12
1289388,Corthylio calendula,Ruby-crowned Kinglet,1
8021,Corvus brachyrhynchos,American Crow,18
8001,Corvus ossifragus,Fish Crow,1
98538,Coryphaeschna ingens,Regal Darner,1
324608,Crambus quinquareatus,Large-striped Grass-veneer,2
144074,Crambus satrapellus,Beautiful Grass-veneer,10
160957,Crassocephalum crepidioides,redflower ragleaf,1
1365085,Crematogaster parapilosa,Atkinson's Acrobat Ant,1
951153,Crematogaster pinicola,Pine Tree Acrobat Ant,1
856610,Crocanthemum corymbosum,Pine Barren Frostweed,58
339927,Crossopriza lyoni,Tailed Cellar Spider,1
131570,Crotalaria rotundifolia,Rabbitbells,28
880621,Cryptocephalus obsoletus,NA,2
205079,Cryptothecia striata,White Blanket,2
131640,Ctenium aromaticum,Toothache grass,42
132083,Cuerna costalis,Lateral-lined Sharpshooter,1
161255,Cuphea carthagenensis,Colombian waxweed,5
8229,Cyanocitta cristata,Blue Jay,3
130374,Cyanthillium cinereum,little ironweed,4
124844,Cybister fimbriolatus,Fringed Diving Beetle,3
124431,Cycloneda sanguinea,Spotless Lady Beetle,6
369393,Cyclosorus interruptus,Swamp Shield-fern,11
356443,Cydia ingens,Longleaf Pine Seedworm Moth,2
703098,Cydia marita,NA,1
58371,Cynodon dactylon,Bermuda grass,1
583228,Cyperus blepharoleptos,Cuban Bulrush,3
489795,Cyperus brevifolius,Shortleaf Spikesedge,1
161426,Cyperus croceus,Baldwin's Flatsedge,3
161447,Cyperus haspan,Haspan Flatsedge,2
779122,Cyperus hortensis,low spikesedge,1
161456,Cyperus lecontei,Le Conte's Flatsedge,4
63329,Cyperus odoratus,Fragrant flatsedge,2
161476,Cyperus polystachyos,Bunchy flat-sedge,4
161477,Cyperus prolifer,Dwarf Papyrus,1
161496,Cyperus surinamensis,tropical flatsedge,3
76599,Dactyloctenium aegyptium,Durban Crowfoot,1
51743,Danaus gilippus,Queen,10
48662,Danaus plexippus,Monarch,3
118503,Darapsa myron,Virginia Creeper Sphinx,1
1391482,Dasylophia puntagorda,NA,2
47075,Dasypus novemcinctus,Nine-banded Armadillo,8
116694,Desmodium incanum,creeping beggarweed,5
55487,Diabrotica undecimpunctata,Spotted Cucumber Beetle,1
956624,Dichanthelium chamaelonche,Small-seeded panicgrass,7
161782,Dichanthelium commutatum,variable witchgrass,1
161786,Dichanthelium erectifolium,erectleaf panicgrass,9
161791,Dichanthelium laxiflorum,open-flower witchgrass,3
1210969,Dichanthelium patulum,Hemlock Witchgrass,1
288231,Dichanthelium portoricense,Hemlock Witchgrass,6
161806,Dichanthelium strigosum,Roughhair Rosette Grass,1
956612,Dichanthelium tenue,White-edged Witchgrass,4
1009955,Dichanthelium webberianum,NA,6
128939,Dichondra carolinensis,Carolina ponysfoot,4
146635,Dichromorpha viridis,Short-winged Green Grasshopper,2
42652,Didelphis virginiana,Virginia Opossum,2
209108,Digitonthophagus gazella,Gazelle Scarab,1
354034,Dilophus orbatus,NA,1
131003,Diodia virginiana,buttonweed,2
49150,Dione vanillae,Gulf Fritillary,1
83435,Diospyros virginiana,American persimmon,1
531727,Disholcaspis quercusvirens,NA,4
309837,Disonycha caroliniana,NA,1
218624,Dolichoderus pustulatus,Bog Odorous Ant,1
121437,Dolomedes triton,Six-spotted Fishing Spider,6
218658,Donacia piscatrix,NA,1
782710,Dorymyrmex bossutus,Hump-backed Pyramid Ant,1
319444,Dorymyrmex bureni,Buren's Pyramid Ant,10
450151,Draeculacephala septemguttata,NA,1
218723,Drasteria graphica,Coastal Graphic,12
162093,Drosera brevifolia,dwarf sundew,30
162094,Drosera capillaris,Pink Sundew,214
1389508,Druon quercuslanigerum,Wool-bearing Gall Wasp,1
48556,Drymaria cordata,whitesnow,5
792988,Dryobates pubescens,Downy Woodpecker,12
17855,Dryocopus pileatus,Pileated Woodpecker,2
14995,Dumetella carolinensis,Gray Catbird,26
462848,Dyplolabia afzelii,Afzel's script lichen,2
950303,Edrastima uniflora,Clustered Mille Graines,2
4937,Egretta caerulea,Little Blue Heron,1
5301,Elanoides forficatus,Swallow-tailed Kite,9
417184,Elaphria nucicolora,Sugarcane Midget,1
162230,Eleocharis baldwinii,Baldwin's Spikerush,3
162246,Eleocharis interstincta,Knotted Spikerush,4
126570,Elephantopus elatus,Tall Elephant's-foot,29
22631,Eleutherodactylus planirostris,Greenhouse Frog,4
151582,Elliptio jayensis,Florida Spike,1
332646,Elophila gyralis,Waterlily Borer Moth,2
335071,Elophila obliteralis,Waterlily Leafcutter Moth,3
1478426,Emericellopsis fimetaria,NA,1
129103,Emilia fosbergii,Red Tasselflower,10
704278,Emilia praetermissa,Pale Tasselflower,1
121287,Emilia sonchifolia,lilac tasselflower,11
99894,Enallagma cardenium,Purple Bluet,3
99900,Enallagma concisum,Cherry Bluet,2
99906,Enallagma doubledayi,Atlantic Bluet,2
50174,Enallagma pollutum,Florida Bluet,2
99992,Enneacanthus gloriosus,Blue-spotted Sunfish,1
219309,Epicauta strigosa,NA,6
309037,Epilampra maya,Maya cockroach,1
162376,Eragrostis atrovirens,Thalia Lovegrass,1
288051,Eragrostis elliottii,Elliott's lovegrass,1
130888,Erechtites hieraciifolius,American burnweed,49
76907,Erigeron canadensis,horseweed,1
131153,Erigeron quercifolius,oakleaf fleabane,12
162547,Erigeron vernus,Early Whitetop Fleabane,56
162556,Eriocaulon compressum,Flattened Pipewort,40
162557,Eriocaulon decangulare,ten-angled pipewort,31
162698,Eryngium aromaticum,Fragrant Eryngo,8
128695,Eryngium yuccifolium,rattlesnake master,5
58474,Erynnis brizo,Sleepy Duskywing,7
50071,Erynnis horatius,Horace's Duskywing,3
61495,Erythemis simplicicollis,Eastern Pondhawk,2
100403,Erythrodiplax minuscula,Little Blue Dragonlet,28
50342,Erythrodiplax umbrata,Band-winged Dragonlet,1
121612,Estigmene acrea,Salt Marsh Moth,7
789601,Euchromius ocellea,Belted Grass-veneer,2
3751,Eudocimus albus,White Ibis,2
219719,Eudryas unio,Pearly Wood-nymph,1
475049,Eugnosta bimaculana,Two-spotted Eugnosta Moth,1
1453469,Eulophia maculata,Monk Orchid,2
133765,Eumenes fraternus,Fraternal Potter Wasp,1
131154,Eupatorium capillifolium,dogfennel,25
162792,Eupatorium leptophyllum,false fennel,6
127350,Eupatorium mohrii,Mohr's thoroughwort,3
131560,Euphorbia hirta,Asthma plant,1
219781,Euphyes arpa,Palmetto Skipper,23
769874,Euploca polyphylla,pineland heliotrope,1
68244,Euptoieta claudia,Variegated Fritillary,6
67324,Eurema daira,Barred Yellow,10
58530,Eurema lisa,Little Yellow,6
372251,Eurycotis floridana,Florida Woods Cockroach,9
83086,Eurytides marcellus,Zebra Swallowtail,17
296268,Euschistus obscurus,Pale-lined Stink Bug,1
162903,Eustachys petraea,Pinewoods Fingergrass,4
129032,Euthamia caroliniana,slender goldentop,44
119697,Euthochtha galeator,Helmeted Squash Bug,3
122576,Evolvulus sericeus,silky evolvulus,2
578512,Exobasidium ferrugineae,NA,2
4665,Falco sparverius,American Kestrel,6
153676,Florinda coccinea,Black-tailed Red Sheetweaver,1
519073,Fomitiporia punctata,Elbowpatch Crust,1
163118,Fuirena scirpoidea,Southern Umbrella-sedge,26
101051,Fundulus chrysotus,Golden Topminnow,9
101070,Fundulus rubrifrons,Redface Topminnow,7
130045,Galactia elliottii,Elliott's milkpea,25
127897,Galactia regularis,eastern milk-pea,2
143119,Galgula partita,Wedgling Moth,1
136375,Galium tinctorium,Stiff Marsh Bedstraw,1
144496,Gallinago delicata,Wilson's Snipe,2
101204,Gambusia holbrooki,Eastern Mosquitofish,23
77221,Gamochaeta pensylvanica,Pennsylvania Cudweed,2
350821,Ganoderma sessile,NA,1
525033,Ganoderma zonatum,NA,1
49540,Gasteracantha cancriformis,Spinybacked Orbweaver,10
84171,Gaylussacia dumosa,dwarf huckleberry,25
860746,Geobalanus oblongifolius,Gopher apple,32
9721,Geothlypis trichas,Common Yellowthroat,2
58917,Geranium carolinianum,Carolina crane's-bill,1
361742,Glaphyria cappsi,NA,1
130869,Gomphrena serrata,Gomphrena Weed,2
81921,Gordonia lasianthus,Loblolly bay,1
382498,Graphiola phoenicis,False Smut of Palm,1
133475,Gratiola hispida,Rough Hedgehyssop,4
163367,Gratiola pilosa,shaggy hedgehyssop,1
163369,Gratiola ramosa,Branched Hedge-hyssop,48
1243255,Grona triflora,creeping tick trefoil,2
126309,Habenaria floribunda,toothpetal false reinorchid,6
155102,Habenaria repens,Waterspider Bog Orchid,3
121510,Habropoda laboriosa,Blueberry Digger Bee,1
5305,Haliaeetus leucocephalus,Bald Eagle,3
526062,Halictus poeyi,Poey's Furrow Bee,1
163590,Helenium pinnatifidum,Southeastern Sneezeweed,50
126700,Helianthus angustifolius,narrowleaf sunflower,1
163629,Helianthus radula,Rayless Sunflower,1
465208,Hemeroplanis habitalis,Black-dotted Hemeroplanis Moth,1
69940,Hemiargus ceraunus,Ceraunus Blue,5
68492,Hemidactylus mabouia,Tropical House Gecko,1
318497,Hemipenthes sinuosa,Sinuous Bee Fly,3
126416,Hemisphaerota cyanea,Palmetto Tortoise Beetle,1
153839,Hentzia palmarum,Common Hentz Jumping Spider,1
465908,Hermeuptychia intricata,Intricate Satyr,1
60752,Hermeuptychia sosybius,Carolina Satyr,19
464189,Herpothallon rubrocinctum,Christmas lichen,41
102686,Heterandria formosa,Least Killifish,1
202438,Hexagonia hydnoides,Hairy Hexagonia,2
163766,Hibiscus grandiflorus,Swamp Rosemallow,6
154591,Hieracium megacephalon,Coastal Plain Hawkweed,6
143613,Homophoberia apicosa,Black Wedge-spot,1
221492,Hoplosternum littorale,Brown Hoplo,3
133305,Houstonia procumbens,roundleaf bluet,26
81600,Hydrocharis morsus-ranae,European Frog-bit,1
60951,Hydrocotyle ranunculoides,floating marsh pennywort,1
58792,Hydrocotyle umbellata,manyflower marshpennywort,20
23969,Hyla cinerea,Green Treefrog,3
23872,Hyla femoralis,Pine Woods Tree Frog,26
23873,Hyla squirella,Squirrel Treefrog,5
50340,Hylephila phyleus,Fiery Skipper,16
142995,Hymenia perspectalis,Spotted Beet Webworm Moth,1
635321,Hypericum brachyphyllum,Coastal Plain St. John's Wort,1
132051,Hypericum cistifolium,roundpod St. John's-wort,106
635336,Hypericum fasciculatum,peelbark St. John's Wort,97
120009,Hypericum hypericoides,St. Andrew's cross,7
62588,Hypericum mutilum,Dwarf St. John's Wort,6
163980,Hypericum myrtifolium,Myrtleleaf St. John's Wort,19
635332,Hypericum tenuifolium,Sandhill St. John's-wort,58
128076,Hypericum tetrapetalum,fourpetal St. Johnswort,207
859236,Hypericum virginicum,Virginia marsh St. John's-wort,2
222003,Hyperstrotia flaviguttata,Yellow-spotted Graylet,1
126632,Hypoxis juncea,fringed star grass,88
132078,Hyptis alata,Musky mint,19
285150,Hyptis brevipes,lesser roundweed,8
222169,Idaea violacearia,Violet Wave,1
164035,Ilex cassine,dahoon holly,10
129347,Ilex glabra,gallberry,86
164056,Imperata cylindrica,Cogon Grass,5
131578,Indigofera hirsuta,hairy indigo,5
222249,Inga sparsiciliella,Black-marked Inga Moth,2
222256,Iodopepla u-album,White-eyed Borer Moth,1
131555,Ipomoea sagittata,Saltmarsh Morning-glory,1
103494,Ischnura hastata,Citrine Forktail,30
103498,Ischnura posita,Fragile Forktail,3
70191,Ischnura ramburii,Rambur's Forktail,6
103632,Jordanella floridae,American Flagfish,9
56153,Juncus effusus,Soft Rush,5
164280,Juncus scirpoides,Needlepod Rush,10
49399,Juniperus virginiana,eastern redcedar,1
48505,Junonia coenia,Common Buckeye,19
519078,Kuschelina floridana,NA,3
307026,Labidura riparia,Shore Earwig,3
63236,Laccaria laccata,deceiver,2
164401,Lachnanthes caroliana,Carolina redroot,10
103927,Ladona deplanata,Blue Corporal,4
12024,Lanius ludovicianus,Loggerhead Shrike,1
370492,Lantana strigocamara,Lantana,1
143442,Lapara coniferarum,Southern Pine Sphinx,1
164469,Lechea torreyi,Sandhill Pinweed,5
979757,Leiothlypis celata,Orange-crowned Warbler,2
77676,Lepidium virginicum,Virginia pepperweed,10
104252,Lepomis gulosus,Warmouth,2
61256,Leptoglossus phyllopus,Eastern Leaf-footed Bug,16
67663,Leptysma marginicollis,Cattail Toothpick Grasshopper,2
59195,Lerodea eufala,Eufala Skipper,5
205814,Lethocerus uhleri,Uhler's Giant Water Bug,3
505582,Leucanopsis longa,Long-streaked Tussock Moth,9
776900,Leucauge argyrobapta,Mabel Orchard Orbweaver,2
164650,Leucobryum albidum,white moss,1
122658,Leucobryum glaucum,Pincushion Moss,1
164683,Liatris chapmanii,Chapman's blazing star,1
915157,Liatris quadriflora,shortleaf gayfeather,3
1430436,Ligyrus cuniculus,NA,2
77751,Limnobium spongia,American frogbit,14
199375,Limnophila sessiliflora,Sessile Marshweed,8
287345,Linaria canadensis,Canada toadflax,61
1608737,Linaria floridana,Florida toadflax,6
142715,Lindernia grandiflora,Savannah False Pimpernel,19
49658,Liquidambar styraciflua,American sweetgum,1
65986,Lithobates grylio,Pig Frog,3
60341,Lithobates sphenocephalus,Southern Leopard Frog,3
505342,Litolinga tergisa,NA,1
129325,Lobelia feayana,Bay lobelia,23
224068,Lobelia paludosa,White Lobelia,5
224073,Lobocleta peralbata,Speckled Wave,1
41777,Lontra canadensis,North American River Otter,1
177241,Lophosis labeculata,Stained Lophosis,3
224155,Loxostegopsis merrickalis,Merrick's Crambid Moth,2
164849,Ludwigia arcuata,Piedmont Primrose-willow,2
130811,Ludwigia linearis,Narrowleaf Primrose-willow,2
164860,Ludwigia maritima,Seaside Primrose-willow,4
133289,Ludwigia microcarpa,Smallfruit Primrose-Willow,1
164861,Ludwigia octovalvis,Mexican Primrose-willow,2
50338,Ludwigia peruviana,Peruvian primrose-willow,8
77841,Ludwigia repens,Creeping Primrose-willow,3
1525187,Lupinus floridanus,Florida Lupine,37
122049,Lycopodiella alopecuroides,foxtail bog clubmoss,1
62315,Lycopodiella appressa,appressed bog clubmoss,12
126341,Lygodesmia aphylla,rose rush,82
164986,Lygodium microphyllum,Climbing Maidenhair,64
41976,Lynx rufus,Bobcat,5
164987,Lyonia ferruginea,rusty staggerbush,2
164988,Lyonia fruticosa,coastal plain staggerbush,105
129433,Lyonia lucida,fetterbush lyonia,142
204353,Lysimachia minima,Chaffweed,1
68315,Lyssomanes viridis,Magnolia Green Jumping Spider,3
489673,Lytta polita,Bronze Blister Beetle,17
224250,Macaria aequiferaria,Woody Angle,1
224252,Macaria distribuaria,Southern Chocolate Angle,1
165060,Macroptilium lathyroides,Phasey Bean,3
127906,Magnolia virginiana,sweetbay magnolia,4
824166,Marpissa bina,NA,1
165158,Marshallia graminifolia,Grassleaf Barbara's-Buttons,4
202572,Mecaphesa celer,Swift Crab Spider,7
132746,Mecardonia acuminata,common axil-flower,11
57056,Medicago lupulina,Black Medick,2
84185,Megalopyge opercularis,Southern Flannel Moth,1
564088,Megalopyge pyxidifera,Yellow Flannel Moth,1
18205,Melanerpes carolinus,Red-bellied Woodpecker,12
18204,Melanerpes erythrocephalus,Red-headed Woodpecker,3
906,Meleagris gallopavo,Wild Turkey,10
77987,Melinis repens,Natal grass,4
1024054,Meliola palmicola,NA,2
224856,Melipotis jucunda,Merry Graphic Moth,4
9096,Melospiza georgiana,Swamp Sparrow,2
131557,Melothria pendula,creeping cucumber,4
52904,Microcrambus elegans,Elegant Grass-veneer,5
131169,Mikania cordifolia,Florida Keys Hempvine,1
119145,Mikania scandens,climbing hempvine,3
1534811,Mimosa floridana,Florida Sensitive Briar,11
84005,Mimosa microphylla,littleleaf sensitive-briar,1
14886,Mimus polyglottos,Northern Mockingbird,6
10286,Mniotilta varia,Black-and-white Warbler,4
225187,Mocis marcida,Withered Mocis,1
225247,Mordellina pustulata,Blistered Tumbling Flower Beetle,1
119956,Morella cerifera,wax myrtle,59
516701,Morella pumila,dwarf bayberry,18
176928,Morrisonia mucens,Gray Woodgrain Moth,1
1263429,Mozena obesa,NA,1
4742,Mycteria americana,Wood Stork,2
82204,Nadata gibbosa,White-dotted Prominent,10
1454382,Nannopterum auritum,Double-crested Cormorant,1
143664,Nastra lherminier,Swarthy Skipper,7
51773,Nathalis iole,Dainty Sulphur,3
177446,Necrodes surinamensis,Red-lined Carrion Beetle,2
106652,Nehalennia integricollis,Southern Sprite,2
106655,Nehalennia pallidula,Everglades Sprite,4
551846,Nekemias arborea,peppervine,7
225552,Nemoria bifilata,White-barred Emerald,1
507648,Nemoria catachloa,Florida Emerald,1
225579,Neocataclysta magnificalis,Scrollwork Pyralid Moth,5
269433,Neochetina eichhorniae,Mottled Waterhyacinth Weevil,1
225604,Neoconocephalus triops,Broad-tipped Conehead,1
143098,Neodactria luteolellus,Mottled Grass-veneer,1
135292,Neodiprion lecontei,Red-headed Pine Sawfly,1
45717,Neofiber alleni,Round-tailed Muskrat,1
225675,Neonympha areolatus,Georgia Satyr,14
119342,Neoscona arabesca,Arabesque Orbweaver,3
738483,Nigrovothelium tropicum,Peppercorn Lichen,1
82504,Nuphar advena,spatterdock,49
51119,Nymphaea odorata,American white waterlily,8
165757,Nymphoides aquatica,Big Floatingheart,9
126701,Oclemena reticulata,Pinebarren Aster,9
165771,Octoblepharum albidum,white octoblepharum moss,8
42223,Odocoileus virginianus,White-tailed Deer,9
324240,Odontomachus ruginodis,Rough-node Trap-jaw Ant,1
122214,Odontotaenius disjunctus,Horned Passalid,2
372367,Odontoxiphidium apterum,Wingless Meadow Katydid,1
78243,Oenothera laciniata,cutleaf evening primrose,4
914039,Oenothera simulans,Southern Beeblossom,7
358315,Oiketicus abbotii,Abbot's Bagworm Moth,4
896024,Olethreutes devotana,Pied Olethreutes Moth,1
226361,Oligoria maculata,Twin-spot Skipper,8
325973,Omphalocera munroei,Pawpaw Webworm Moth,1
956945,Ophiocordyceps camponoti-floridani,NA,4
165865,Oplismenus hirtellus,Basket Grass,1
441411,Opuntia austrina,Florida Pricklypear,30
226627,Orphulella pelidna,Spotted-winged Grasshopper,1
226666,Osmia chalybea,NA,3
1002684,Osmunda spectabilis,American Royal Fern,12
204165,Osmundastrum cinnamomeum,cinnamon fern,16
24382,Osteopilus septentrionalis,Cuban Tree Frog,1
53168,Oxalis corniculata,Creeping Woodsorrel,6
84772,Oxalis dillenii,slender yellow woodsorrel,4
264294,Oxyopes apollo,NA,1
83844,Oxyopes salticus,Striped Lynx Spider,1
338573,Pachodynerus erynnis,Red-marked Pachodynerus Wasp,1
59774,Pachydiplax longipennis,Blue Dasher,8
54921,Packera glabella,Butterweed,1
1445698,Paepalanthus anceps,common bogbuttons,22
1597261,Paepalanthus beyrichianus,Southern Bogbutton,2
1072083,Palaemon paludosus,Eastern Grass Shrimp,1
82400,Palhinhaea cernua,staghorn clubmoss,3
56455,Pallavicinia lyellii,Ribbonwort,2
366384,Palpada agrorum,Double-banded Plushback,1
348989,Panaeolus antillarum,NA,2
118263,Panaeolus papilionaceus,Petticoat Mottlegill,1
116999,Pandion haliaetus,Osprey,2
226889,Pangrapta decoralis,Decorated Owlet,2
166081,Panicum hemitomon,Maidencane,2
166096,Panicum repens,Torpedo grass,4
226900,Panopoda repanda,Orange Panopoda Moth,4
226901,Panopoda rufimargo,Red-lined Panopoda Moth,4
147931,Panoquina ocola,Ocola Skipper,3
59644,Pantherophis alleghaniensis,Eastern Ratsnake,1
68232,Papilio palamedes,Palamedes Swallowtail,11
58523,Papilio polyxenes,Black Swallowtail,1
58525,Papilio troilus,Spicebush Swallowtail,11
487158,Parancistrocerus histrio,NA,1
417112,Parapediasia decorellus,Graceful Grass-veneer,4
227082,Parapoynx allionealis,Watermilfoil Leafcutter Moth,4
257008,Pareuchaetes insulata,Yellow-winged Pareuchaetes Moth,1
166124,Parietaria floridana,Florida Pellitory,3
227259,Parmotrema tinctorum,Old Gray Ruffles,3
50278,Parthenocissus quinquefolia,Virginia creeper,32
166188,Paspalum notatum,Bahia grass,2
122592,Paspalum setaceum,Thin Paspalum,1
9981,Passerculus sandwichensis,Savannah Sparrow,2
511618,Pelochrista robinsonana,Robinson's Pelochrista Moth,2
510404,Pelocoris femoratus,NA,1
1048419,Pendarus auroalbus,Gold and White Leafhopper,3
1520432,Pero antidiscaria,NA,1
166539,Persea palustris,Swamp Bay,8
200026,Persicaria glabra,Dense-flowered smartweed,2
78453,Persicaria hydropiperoides,swamp smartweed,2
78456,Persicaria punctata,Dotted Smartweed,2
126777,Peucetia viridans,Green Lynx Spider,1
130003,Phaeoura quernaria,American Oak Beauty,16
227688,Phanaeus igneus,NA,1
83929,Phanaeus vindex,Rainbow Scarab,5
710657,Pheidole obscurithorax,Large Imported Big-headed Ant,1
179749,Phidippus regius,Regal Jumping Spider,15
127908,Phlebodium aureum,golden polypody,19
126530,Phoberia atomaris,Common Oak Moth,3
126614,Phoebanthus grandiflorus,Florida false sunflower,2
48550,Phoebis sennae,Cloudless Sulphur,3
49668,Phoradendron leucarpum,American Mistletoe,5
512420,Phormoestes palmettovora,NA,2
68274,Phyciodes phaon,Phaon Crescent,8
52925,Phyciodes tharos,Pearl Crescent,24
59040,Phyla nodiflora,turkey tangle frogfruit,5
415560,Phyllocnistis insignis,NA,1
131208,Physalis walteri,dune groundcherry,2
48599,Phytolacca americana,American pokeweed,5
166884,Pinguicula caerulea,blue butterwort,22
166889,Pinguicula pumila,Small butterwort,44
126590,Pinus clausa,sand pine,12
69985,Pinus elliottii,slash pine,24
81901,Pinus palustris,longleaf pine,68
9424,Pipilo erythrophthalmus,Eastern Towhee,14
166910,Piriqueta cistoides,pitted stripeseed,12
166939,Pityopsis graminifolia,Narrowleaf Silkgrass,7
1024515,Pityopsis latifolia,Broad-leaved Goldenaster,6
1364688,Pityopsis tracyi,Tracy's Silkgrass,13
260071,Plagioneurus univittatus,NA,1
78622,Plantago virginica,dwarf plantain,1
228332,Platynota exasperatana,Exasperating Platynota Moth,3
127635,Plecia nearctica,Common Lovebug,1
698726,Pleopeltis michauxiana,resurrection fern,25
73790,Plestiodon inexpectatus,Southeastern Five-lined Skink,1
143150,Pluchea baccharis,Rosy Camphorweed,26
131170,Pluchea foetida,stinking camphorweed,2
126765,Plutella xylostella,Diamondback Moth,1
228426,Poanes aaroni,Aaron's Skipper,2
228477,Pogonomyrmex badius,Florida Harvester Ant,12
7493,Polioptila caerulea,Blue-gray Gnatcatcher,17
153449,Polistes bellicosus,Southern Paper Wasp,3
55263,Polistes dorsalis,Hunter's Little Paper Wasp,2
120010,Polistes metricus,Metric Paper Wasp,5
1363179,Polites egeremet,Northern Broken-Dash,1
1363180,Polites otho,Southern Broken-Dash,3
58506,Polites themistocles,Tawny-edged Skipper,5
179855,Polites vibex,Whirlabout,38
167222,Polygonella polygama,October Flower,8
131588,Polypremum procumbens,Rust Weed,8
52599,Pontederia cordata,pickerelweed,85
962637,Pontederia crassipes,common water hyacinth,26
525040,Poronia pileiformis,NA,1
58991,Portulaca oleracea,Common Purslane,1
126293,Prionoxystus robiniae,Carpenterworm Moth,1
110407,Procambarus alleni,Everglades Crayfish,2
41663,Procyon lotor,Common Raccoon,21
207603,Prolimacodes badia,Skiff Moth,1
228796,Properigea tapeta,NA,3
156531,Proserpinaca palustris,marsh mermaidweed,2
167455,Proserpinaca pectinata,combleaf mermaidweed,47
209329,Psaphida resumens,Figure-eight Sallow,2
167476,Pseudelephantopus spicatus,dog's-tongue,1
39825,Pseudemys peninsularis,Peninsular Cooter,3
555271,Pseudomethoca sanbornii,NA,1
300301,Pseudomyrmex gracilis,Graceful Twig Ant,5
328244,Psilocybe cubensis,Magic Mushroom,6
167517,Psilotum nudum,skeleton fork fern,1
194233,Psinidia fenestralis,Longhorn Band-wing Grasshopper,1
51599,Psychotria nervosa,Shiny-leaved Wild Coffee,4
52681,Pteridium aquilinum,common bracken,9
167537,Pteridium caudatum,Southern Brackenfern,1
127267,Pterocaulon pycnostachyum,blackroot,99
229392,Ptichodis herbarum,Common Ptichodis Moth,1
1036737,Ptichodis pacalis,NA,1
229393,Ptichodis vinculum,Black-tipped Ptichodis Moth,3
128655,Ptilimnium capillaceum,herbwilliam,3
84635,Pycnoscelus surinamensis,Surinam Cockroach,3
893849,Pygodasis quadrimaculata,Large Four-spotted Scoliid Wasp,24
229567,Pyrenula cruenta,Bark Rash Lichen,1
167642,Quercus chapmanii,Chapman's Oak,10
121402,Quercus geminata,sand live oak,15
132052,Quercus inopina,Florida scrub oak,1
128752,Quercus laevis,American turkey oak,8
69845,Quercus laurifolia,swamp laurel oak,6
167658,Quercus minima,dwarf live oak,81
167660,Quercus myrtifolia,Myrtle Oak,49
167663,Quercus pumila,Running Oak,4
49013,Quercus virginiana,southern live oak,33
9602,Quiscalus quiscula,Common Grackle,1
147242,Rabidosa hentzi,NA,4
229779,Ramalina stenospora,Southern Strap,1
126318,Rhexia mariana,Maryland meadowbeauty,15
167798,Rhexia nashii,Maid Marian,1
127911,Rhexia nuttallii,Nuttall's Meadowbeauty,8
126698,Rhus copallinum,shining sumac,15
131580,Rhynchosia michauxii,Michaux's snoutbean,2
167850,Rhynchospora cephalantha,bunched beaksedge,3
167854,Rhynchospora ciliaris,Fringed Beaksedge,3
132685,Rhynchospora colorata,whitetop sedge,7
167865,Rhynchospora fascicularis,fascicled beaksedge,4
167866,Rhynchospora fernaldii,Fernald's beaksedge,1
167877,Rhynchospora inundata,narrowfruit horned beaksedge,1
167879,Rhynchospora latifolia,sandswamp whitetop sedge,1
143504,Rhynchospora megalocarpa,sandyfield beaksedge,2
167883,Rhynchospora microcarpa,Southern Beaksedge,1
200078,Rhynchospora microcephala,Bunched Beaksedge,2
167892,Rhynchospora pineticola,Pine Barren Beaksedge,1
167894,Rhynchospora plumosa,plumed beaksedge,2
167907,Rhynchospora tracyi,Tracy's Beaksedge,1
167940,Richardia brasiliensis,Tropical Mexican Clover,1
52078,Richardia grandiflora,largeflower Mexican clover,17
56739,Ricinus communis,castor bean,4
466003,Romalea microptera,Eastern Lubber Grasshopper,13
1439791,Rubricatochromis letourneuxi,Letourneux's Jewel Cichlid,1
128854,Rubus cuneifolius,sand blackberry,17
78894,Rubus pensilvanicus,Pennsylvania Blackberry,2
69714,Rubus trivialis,southern dewberry,11
62741,Rudbeckia hirta,black-eyed Susan,2
123481,Sabal palmetto,cabbage palmetto,59
127442,Sabatia grandiflora,Largeflower Rose Gentian,45
126339,Sabatia stellaris,marsh pink,4
168278,Sacciolepis indica,Indian Cupscale Grass,3
69810,Sagittaria graminea,Grass-leaved Arrowhead,17
69813,Sagittaria lancifolia,lanceleaf arrowhead,24
125683,Salix caroliniana,Carolina willow,7
64093,Salvia lyrata,lyreleaf sage,11
78975,Salvinia minima,water spangles,26
84300,Sambucus canadensis,American black elderberry,2
330498,Samea castellalis,Stained-glass Moth,2
324645,Samea multiplicalis,Salvinia Stem Borer Moth,1
60742,Saururus cernuus,lizard's tail,1
17008,Sayornis phoebe,Eastern Phoebe,12
47014,Scalopus aquaticus,Eastern Mole,1
130872,Schinus terebinthifolia,Brazilian pepper,1
69736,Schistocerca americana,American Bird Grasshopper,2
230586,Schistocerca damnifica,Mischievous Bird Grasshopper,16
230588,Schistocerca rubiginosa,Rusty Bird Grasshopper,1
168604,Schizachyrium stoloniferum,creeping little bluestem,4
54573,Schizophyllum commune,splitgill mushroom,2
46017,Sciurus carolinensis,Eastern Gray Squirrel,2
168652,Scleria baldwinii,Baldwin's nutrush,1
168654,Scleria ciliata,fringed nutrush,1
168657,Scleria lacustris,lakeshore nutrush,7
168660,Scleria muehlenbergii,Muehlenberg's nutrush,1
141078,Scleria triglomerata,Whip Nutrush,3
317963,Scoparia dulcis,licorice weed,14
230669,Scopula aemulata,Rival Wave,1
1569044,Senega cruciata,drumheads milkwort,73
1568932,Senega cymosa,Tall Pinebarren Milkwort,19
1569114,Senega incarnata,Pink Milkwort,79
1568936,Senega lutea,orange milkwort,150
1568926,Senega nana,candyroot,62
1568935,Senega ramosa,low pinebarren milkwort,18
1568931,Senega rugelii,Yellow Bachelor's Button,43
1569062,Senega setacea,Coastal Plain Milkwort,27
83102,Serenoa repens,saw palmetto,155
131178,Sericocarpus tortifolius,Dixie aster,8
79068,Setaria parviflora,knotroot bristlegrass,1
145233,Setophaga americana,Northern Parula,18
145245,Setophaga coronata,Yellow-rumped Warbler,11
145246,Setophaga dominica,Yellow-throated Warbler,6
145242,Setophaga palmarum,Palm Warbler,20
145244,Setophaga pinus,Pine Warbler,30
12942,Sialia sialis,Eastern Bluebird,13
132448,Sida cordifolia,flannel weed,3
882644,Sida planicaulis,NA,3
308464,Sirthenea carinata,Keeled Corsair,1
49916,Sisyrinchium angustifolium,narrow-leaved blue-eyed grass,17
169023,Sisyrinchium miamiense,Miami Blue-eyed Grass,9
169025,Sisyrinchium nashii,Nash's Blue-eyed Grass,3
14825,Sitta pusilla,Brown-headed Nuthatch,4
127910,Smilax auriculata,Earleaf Greenbrier,73
125677,Smilax bona-nox,saw greenbrier,5
169043,Smilax laurifolia,laurel-leaf greenbrier,4
128943,Smilax tamnoides,bristly greenbrier,1
59035,Solanum americanum,American black nightshade,2
169088,Solanum viarum,tropical soda-apple,18
67598,Solenopsis invicta,Red Imported Fire Ant,14
1404306,Solidago chapmanii,Chapman's Goldenrod,23
169104,Solidago fistulosa,pine-barren goldenrod,25
169112,Solidago leavenworthii,Leavenworth's goldenrod,1
855020,Solidago virgata,Wand Goldenrod,3
123822,Sorghastrum secundum,Lopsided Indiangrass,1
508255,Sosippus floridanus,NA,1
324666,Sparganothis distincta,Distinct Sparganothis Moth,1
81683,Sparganothis sulfureana,Sparganothis Fruitworm Moth,2
326037,Spermacoce remota,Woodland false buttonweed,1
169171,Spermacoce verticillata,shrubby false buttonweed,36
120146,Sphagnum molle,Blushing Peat Moss,1
132814,Sphagnum strictum,Pale Bog-moss,3
194258,Spharagemon marmoratum,Marbled Grasshopper,2
18463,Sphyrapicus varius,Yellow-bellied Sapsucker,3
60839,Spilosoma virginica,Virginian Tiger Moth,3
9135,Spizella passerina,Chipping Sparrow,3
231423,Spodoptera dolichos,Sweet Potato Armyworm Moth,1
773039,Sporobolus bakeri,Sand Cordgrass,3
79187,Sporobolus indicus,smut grass,1
1032045,Statira dolera,Pale-legged Statira,1
231505,Stelis ater,Florida Black Dark Bee,1
169395,Stillingia aquatica,water toothleaf,6
1530846,Stillingia sylvatica,Queen's Delight,26
1530845,Stillingia tenuis,NA,2
132879,Stipulicida setacea,Wire-plant,20
261458,Stiretrus anchorago,Anchor Stink Bug,1
196309,Strategus antaeus,Smooth Ox Beetle,1
2969,Streptopelia decaocto,Eurasian Collared-Dove,1
19893,Strix varia,Barred Owl,1
50931,Strymon melinus,Gray Hairstreak,1
9528,Sturnella magna,Eastern Meadowlark,23
42134,Sus scrofa,Wild Boar,10
43111,Sylvilagus floridanus,Eastern Cottontail,15
342662,Symphyotrichum bahamense,Bahaman aster,2
81593,Symphyotrichum dumosum,Bushy Aster,1
169488,Symphyotrichum simmondsii,Simmonds' Aster,6
207924,Synchlora frondaria,Southern Emerald,4
169501,Syngonanthus flavidulus,Yellow Hatpins,132
417164,Tacparia zalissaria,NA,1
462219,Tallula atrifascialis,Dark-banded Tallula,1
169570,Taxodium ascendens,pondcypress,5
855610,Telmatoblechnum serrulatum,toothed midsorus fern,55
232369,Temnothorax pergandei,Pergande's Acorn Ant,1
7513,Thryothorus ludovicianus,Carolina Wren,11
482408,Tiedemannia filiformis,Water Cowbane,7
477740,Tigrosa annexa,NA,1
84002,Tillandsia recurvata,ballmoss,31
169768,Tillandsia setacea,southern needleleaf airplant,78
465196,Tillandsia simulata,Manatee River airplant,6
49569,Tillandsia usneoides,Spanish moss,42
58732,Toxicodendron radicans,eastern poison ivy,27
466380,Toxomerus boscii,Thin-lined Calligrapher,7
910322,Toxomerus floralis,Florida Calligrapher,2
126889,Toxomerus marginatus,Margined Calligrapher,5
232771,Trachymyrmex septentrionalis,Northern Fungus-farming Ant,3
68229,Tramea carolina,Carolina Saddlebags,9
328305,Trametes lactinea,Latte Bracket,4
974664,Trametes sanguinea,Cinnabar Bracket,6
904336,Trichonephila clavipes,Golden Silk Spider,8
803165,Trigonaspis polita,NA,1
69924,Trimerotropis maritima,Seaside Grasshopper,1
3892,Tringa melanoleuca,Greater Yellowlegs,4
482747,Trioza magnoliae,Red Bay Psyllid,5
12727,Turdus migratorius,American Robin,2
233177,Typocerus zebra,Zebra Longhorn Beetle,6
53547,Ulmus americana,American elm,1
67435,Urbanus proteus,Long-tailed Skipper,3
127638,Urena lobata,Caesar weed,55
41638,Ursus americanus,American Black Bear,1
121176,Usnea strigosa,Bushy beard lichen,1
67440,Utetheisa ornatrix,Ornate Bella Moth,31
62372,Utricularia cornuta,Horned Bladderwort,7
170084,Utricularia foliosa,Leafy Bladderwort,15
170086,Utricularia inflata,swollen bladderwort,5
170089,Utricularia purpurea,Purple Bladderwort,5
170090,Utricularia radiata,Small Swollen Bladderwort,5
170091,Utricularia resupinata,Northeastern Bladderwort,2
79468,Utricularia subulata,Zigzag Bladderwort,57
126142,Vaccinium darrowii,Darrow's Blueberry,20
52739,Vaccinium fuscatum,Black Highbush Blueberry,1
170106,Vaccinium myrsinites,Shiny blueberry,159
67792,Vaccinium stamineum,deerberry,2
49133,Vanessa atalanta,Red Admiral,4
170202,Viburnum obovatum,Walter's Viburnum,6
127151,Vicia acutifolia,Fourleaf Vetch,4
245813,Viola primulifolia,primrose-leaved violet,7
170261,Viola septemloba,Southern Coastal Violet,17
1392343,Viola vittata,Southern Water Violet,91
17408,Vireo griseus,White-eyed Vireo,20
17402,Vireo solitarius,Blue-headed Vireo,2
82529,Vitis rotundifolia,muscadine,64
127044,Vittaria lineata,Shoestring Fern,14
118731,Woodwardia areolata,netted chain fern,10
122054,Woodwardia virginica,Virginia chainfern,43
83832,Ximenia americana,Hog plum,15
133788,Xylocopa micans,Southern Carpenter Bee,11
51110,Xylocopa virginica,Eastern Carpenter Bee,2
69737,Xylophanes tersa,Tersa Sphinx,1
126617,Xyris ambigua,Coastalplain Yellow-eyed Grass,9
132683,Xyris brevifolia,shortleaf yellow-eyed grass,38
170358,Xyris caroliniana,Carolina Yellow-eyed Grass,3
132684,Xyris elliottii,Elliott's Yelloweyed Grass,10
170364,Xyris flabelliformis,Savannah Yellow-eyed Grass,7
170366,Xyris jupicai,Richard's Yellow-eyed Grass,2
170372,Xyris platylepis,Tall Yellow-eyed Grass,1
170375,Xyris smalliana,Small's yellow-eyed grass,7
505571,Ymeldia janae,Jane's Ymeldia,3
127066,Youngia japonica,Oriental false hawksbeard,3
81605,Yucca filamentosa,common yucca,11
233929,Zale declarans,Dixie Zale Moth,1
133826,Zelus longipes,Milkweed Assassin Bug,3
3454,Zenaida macroura,Mourning Dove,7
429817,Zethus slossonae,Slosson's Mason Wasp,1
124426,Zeuxine strateumatica,centipede grass orchid,1
1150608,Zomaria andromedana,NA,1
